Start Time,End Time,Charging Energy(kWh),Charging Port,Card ID,Device SN
03/01/2026 17:03:00,04/01/2026 00:47:00,16.15,1,57000HPA247L0002,57000HPA247L0002
20/01/2026 21:12:00,21/01/2026 02:03:00,11.51,1,57000HPA247L0002,57000HPA247L0002
21/01/2026 22:31:00,22/01/2026 01:33:00,5.16,1,57000HPA247L0002,57000HPA247L0002
22/01/2026 22:27:00,23/01/2026 02:24:00,8.71,1,57000HPA247L0002,57000HPA247L0002
23/01/2026 23:01:00,24/01/2026 01:56:00,4.59,1,57000HPA247L0002,57000HPA247L0002
24/01/2026 19:33:00,24/01/2026 20:49:00,3.85,1,57000HPA247L0002,57000HPA247L0002
25/01/2026 17:22:00,25/01/2026 21:27:00,8.31,1,57000HPA247L0002,57000HPA247L0002
27/01/2026 21:54:00,28/01/2026 01:23:00,6.25,1,57000HPA247L0002,57000HPA247L0002
29/01/2026 21:14:00,30/01/2026 01:28:00,9.51,1,57000HPA247L0002,57000HPA247L0002
31/01/2026 13:38:00,31/01/2026 19:17:00,11.29,1,57000HPA247L0002,57000HPA247L0002
01/02/2026 20:29:00,01/02/2026 23:24:00,4.56,1,57000HPA247L0002,57000HPA247L0002
02/02/2026 20:39:00,02/02/2026 23:49:00,4.91,1,57000HPA247L0002,57000HPA247L0002
04/02/2026 21:06:00,05/02/2026 02:31:00,10.84,1,57000HPA247L0002,57000HPA247L0002
05/02/2026 20:45:00,06/02/2026 03:10:00,13.97,1,57000HPA247L0002,57000HPA247L0002
06/02/2026 20:51:00,07/02/2026 00:11:00,5.28,1,57000HPA247L0002,57000HPA247L0002
08/02/2026 12:15:00,08/02/2026 15:37:00,5.77,1,57000HPA247L0002,57000HPA247L0002
09/02/2026 20:56:00,10/02/2026 00:16:00,5.67,1,57000HPA247L0002,57000HPA247L0002
10/02/2026 21:03:00,11/02/2026 00:15:00,5.13,1,57000HPA247L0002,57000HPA247L0002
11/02/2026 21:28:00,12/02/2026 02:54:00,10.76,1,57000HPA247L0002,57000HPA247L0002
12/02/2026 20:49:00,12/02/2026 23:55:00,4.63,1,57000HPA247L0002,57000HPA247L0002
13/02/2026 20:56:00,14/02/2026 02:58:00,12.10,1,57000HPA247L0002,57000HPA247L0002
23/02/2026 21:57:00,24/02/2026 01:08:00,5.07,1,57000HPA247L0002,57000HPA247L0002
25/02/2026 20:37:00,26/02/2026 01:16:00,10.73,1,57000HPA247L0002,57000HPA247L0002
26/02/2026 17:49:00,26/02/2026 21:18:00,7.23,1,57000HPA247L0002,57000HPA247L0002
27/02/2026 22:35:00,28/02/2026 01:21:00,4.39,1,57000HPA247L0002,57000HPA247L0002
03/03/2026 18:00:00,03/03/2026 23:27:00,12.88,1,57000HPA247L0002,57000HPA247L0002
04/03/2026 21:21:00,05/03/2026 00:22:00,4.78,1,57000HPA247L0002,57000HPA247L0002
05/03/2026 20:56:00,06/03/2026 00:10:00,5.21,1,57000HPA247L0002,57000HPA247L0002
06/03/2026 19:28:00,06/03/2026 19:28:00,0.00,1,57000HPA247L0002,57000HPA247L0002
06/03/2026 21:42:00,07/03/2026 01:27:00,5.79,1,57000HPA247L0002,57000HPA247L0002
08/03/2026 17:41:00,09/03/2026 00:46:00,15.51,1,57000HPA247L0002,57000HPA247L0002
09/03/2026 22:34:00,10/03/2026 01:28:00,4.74,1,57000HPA247L0002,57000HPA247L0002
10/03/2026 20:55:00,10/03/2026 23:47:00,5.17,1,57000HPA247L0002,57000HPA247L0002
11/03/2026 20:53:00,11/03/2026 23:51:00,4.70,1,57000HPA247L0002,57000HPA247L0002
13/03/2026 22:24:00,14/03/2026 02:48:00,9.99,1,57000HPA247L0002,57000HPA247L0002
14/03/2026 23:13:00,15/03/2026 03:06:00,7.82,1,57000HPA247L0002,57000HPA247L0002
15/03/2026 18:24:00,16/03/2026 00:11:00,11.68,1,57000HPA247L0002,57000HPA247L0002
16/03/2026 22:05:00,17/03/2026 00:59:00,4.31,1,57000HPA247L0002,57000HPA247L0002
18/03/2026 19:55:00,19/03/2026 00:39:00,9.07,1,57000HPA247L0002,57000HPA247L0002
19/03/2026 21:10:00,20/03/2026 00:14:00,4.73,1,57000HPA247L0002,57000HPA247L0002
20/03/2026 21:17:00,21/03/2026 01:31:00,7.36,1,57000HPA247L0002,57000HPA247L0002
21/03/2026 17:28:00,21/03/2026 17:59:00,1.55,1,57000HPA247L0002,57000HPA247L0002
22/03/2026 01:25:00,22/03/2026 06:51:00,12.50,1,57000HPA247L0002,57000HPA247L0002
22/03/2026 19:26:00,22/03/2026 23:07:00,5.35,1,57000HPA247L0002,57000HPA247L0002
23/03/2026 21:11:00,24/03/2026 00:58:00,5.83,1,57000HPA247L0002,57000HPA247L0002
24/03/2026 22:01:00,25/03/2026 01:51:00,5.76,1,57000HPA247L0002,57000HPA247L0002
25/03/2026 21:51:00,26/03/2026 01:10:00,4.95,1,57000HPA247L0002,57000HPA247L0002
26/03/2026 21:07:00,27/03/2026 00:27:00,5.15,1,57000HPA247L0002,57000HPA247L0002
27/03/2026 21:03:00,28/03/2026 00:15:00,4.69,1,57000HPA247L0002,57000HPA247L0002
30/03/2026 21:57:00,31/03/2026 02:29:00,8.17,1,57000HPA247L0002,57000HPA247L0002
31/03/2026 21:31:00,01/04/2026 02:04:00,10.09,1,57000HPA247L0002,57000HPA247L0002
01/04/2026 21:02:00,02/04/2026 00:19:00,5.12,1,57000HPA247L0002,57000HPA247L0002
02/04/2026 14:04:00,02/04/2026 14:24:00,1.01,1,57000HPA247L0002,57000HPA247L0002
05/04/2026 17:56:00,06/04/2026 01:11:00,15.09,1,57000HPA247L0002,57000HPA247L0002
06/04/2026 20:24:00,07/04/2026 01:28:00,9.40,1,57000HPA247L0002,57000HPA247L0002
07/04/2026 21:50:00,08/04/2026 02:07:00,7.44,1,57000HPA247L0002,57000HPA247L0002
08/04/2026 20:54:00,09/04/2026 02:25:00,10.00,1,57000HPA247L0002,57000HPA247L0002
09/04/2026 23:43:00,10/04/2026 03:22:00,6.90,1,57000HPA247L0002,57000HPA247L0002
10/04/2026 20:54:00,10/04/2026 23:53:00,4.62,1,57000HPA247L0002,57000HPA247L0002
12/04/2026 19:35:00,12/04/2026 22:24:00,4.10,1,57000HPA247L0002,57000HPA247L0002
13/04/2026 22:08:00,14/04/2026 02:05:00,8.39,1,57000HPA247L0002,57000HPA247L0002
15/04/2026 21:44:00,16/04/2026 01:47:00,8.53,1,57000HPA247L0002,57000HPA247L0002
16/04/2026 21:22:00,17/04/2026 00:41:00,5.29,1,57000HPA247L0002,57000HPA247L0002
17/04/2026 07:10:00,17/04/2026 07:29:00,0.00,1,57000HPA247L0002,57000HPA247L0002
19/04/2026 10:05:00,19/04/2026 14:54:00,9.84,1,57000HPA247L0002,57000HPA247L0002
21/04/2026 19:03:00,21/04/2026 23:23:00,9.52,1,57000HPA247L0002,57000HPA247L0002
22/04/2026 21:00:00,23/04/2026 00:26:00,4.89,1,57000HPA247L0002,57000HPA247L0002
23/04/2026 21:43:00,24/04/2026 01:23:00,6.11,1,57000HPA247L0002,57000HPA247L0002
26/04/2026 20:01:00,27/04/2026 03:31:00,15.52,1,57000HPA247L0002,57000HPA247L0002
27/04/2026 21:03:00,28/04/2026 00:31:00,5.23,1,57000HPA247L0002,57000HPA247L0002
28/04/2026 21:23:00,29/04/2026 01:33:00,7.01,1,57000HPA247L0002,57000HPA247L0002
30/04/2026 20:56:00,01/05/2026 01:12:00,9.51,1,57000HPA247L0002,57000HPA247L0002
01/05/2026 10:01:00,01/05/2026 10:39:00,1.91,1,57000HPA247L0002,57000HPA247L0002
03/05/2026 17:24:00,03/05/2026 23:29:00,14.65,1,57000HPA247L0002,57000HPA247L0002
04/05/2026 21:40:00,05/05/2026 00:50:00,5.25,1,57000HPA247L0002,57000HPA247L0002
05/05/2026 20:39:00,06/05/2026 00:10:00,5.94,1,57000HPA247L0002,57000HPA247L0002
06/05/2026 21:28:00,07/05/2026 01:00:00,5.66,1,57000HPA247L0002,57000HPA247L0002
08/05/2026 21:21:00,09/05/2026 04:03:00,14.35,1,57000HPA247L0002,57000HPA247L0002
10/05/2026 16:46:00,10/05/2026 21:20:00,10.98,1,57000HPA247L0002,57000HPA247L0002
12/05/2026 20:44:00,13/05/2026 00:51:00,9.12,1,57000HPA247L0002,57000HPA247L0002
13/05/2026 21:13:00,14/05/2026 00:49:00,7.53,1,57000HPA247L0002,57000HPA247L0002
16/05/2026 08:37:00,16/05/2026 09:33:00,2.69,1,57000HPA247L0002,57000HPA247L0002
16/05/2026 12:18:00,16/05/2026 16:19:00,10.17,1,57000HPA247L0002,57000HPA247L0002
17/05/2026 19:51:00,17/05/2026 23:02:00,5.62,1,57000HPA247L0002,57000HPA247L0002
18/05/2026 21:02:00,19/05/2026 00:03:00,5.36,1,57000HPA247L0002,57000HPA247L0002
20/05/2026 19:48:00,21/05/2026 01:46:00,14.57,1,57000HPA247L0002,57000HPA247L0002
21/05/2026 21:10:00,22/05/2026 00:28:00,6.25,1,57000HPA247L0002,57000HPA247L0002
22/05/2026 20:59:00,22/05/2026 23:53:00,4.97,1,57000HPA247L0002,57000HPA247L0002
24/05/2026 17:27:00,24/05/2026 23:17:00,14.38,1,57000HPA247L0002,57000HPA247L0002
25/05/2026 20:36:00,25/05/2026 23:30:00,4.97,1,57000HPA247L0002,57000HPA247L0002
27/05/2026 20:55:00,28/05/2026 00:41:00,8.12,1,57000HPA247L0002,57000HPA247L0002
31/05/2026 19:10:00,01/06/2026 00:59:00,14.29,1,57000HPA247L0002,57000HPA247L0002
01/06/2026 21:48:00,02/06/2026 00:49:00,5.60,1,57000HPA247L0002,57000HPA247L0002
03/06/2026 21:05:00,04/06/2026 00:32:00,7.11,1,57000HPA247L0002,57000HPA247L0002
05/06/2026 10:27:00,05/06/2026 13:11:00,4.57,1,57000HPA247L0002,57000HPA247L0002
07/06/2026 16:47:00,07/06/2026 21:15:00,9.61,1,57000HPA247L0002,57000HPA247L0002
09/06/2026 21:00:00,10/06/2026 01:48:00,11.24,1,57000HPA247L0002,57000HPA247L0002
10/06/2026 21:23:00,10/06/2026 22:33:00,3.53,1,57000HPA247L0002,57000HPA247L0002
10/06/2026 22:37:00,11/06/2026 00:31:00,2.34,1,57000HPA247L0002,57000HPA247L0002
12/06/2026 21:33:00,13/06/2026 02:13:00,10.75,1,57000HPA247L0002,57000HPA247L0002
13/06/2026 23:12:00,14/06/2026 02:20:00,5.71,1,57000HPA247L0002,57000HPA247L0002
14/06/2026 20:11:00,14/06/2026 20:47:00,0.00,1,57000HPA247L0002,57000HPA247L0002
15/06/2026 20:56:00,16/06/2026 00:05:00,6.09,1,57000HPA247L0002,57000HPA247L0002
17/06/2026 21:20:00,18/06/2026 03:14:00,14.60,1,57000HPA247L0002,57000HPA247L0002
19/06/2026 19:27:00,20/06/2026 00:22:00,11.49,1,57000HPA247L0002,57000HPA247L0002
21/06/2026 21:46:00,22/06/2026 01:31:00,7.90,1,57000HPA247L0002,57000HPA247L0002
22/06/2026 21:07:00,23/06/2026 00:15:00,5.17,1,57000HPA247L0002,57000HPA247L0002
24/06/2026 20:01:00,25/06/2026 00:44:00,10.70,1,57000HPA247L0002,57000HPA247L0002
25/06/2026 20:53:00,25/06/2026 23:58:00,5.96,1,57000HPA247L0002,57000HPA247L0002
29/06/2026 08:03:00,29/06/2026 08:21:00,0.75,1,57000HPA247L0002,57000HPA247L0002
29/06/2026 18:05:00,30/06/2026 00:04:00,14.64,1,57000HPA247L0002,57000HPA247L0002
02/07/2026 21:08:00,03/07/2026 03:05:00,14.74,1,57000HPA247L0002,57000HPA247L0002
03/07/2026 19:58:00,04/07/2026 00:29:00,10.22,1,57000HPA247L0002,57000HPA247L0002
05/07/2026 18:08:00,05/07/2026 22:47:00,10.77,1,57000HPA247L0002,57000HPA247L0002
07/07/2026 21:05:00,08/07/2026 01:17:00,9.35,1,57000HPA247L0002,57000HPA247L0002
08/07/2026 22:12:00,09/07/2026 01:17:00,5.40,1,57000HPA247L0002,57000HPA247L0002
12/07/2026 15:48:00,12/07/2026 21:53:00,14.72,1,57000HPA247L0002,57000HPA247L0002
13/07/2026 22:49:00,14/07/2026 02:01:00,6.40,1,57000HPA247L0002,57000HPA247L0002
15/07/2026 19:30:00,15/07/2026 23:57:00,9.96,1,57000HPA247L0002,57000HPA247L0002
18/07/2026 09:26:00,18/07/2026 12:01:00,7.61,1,57000HPA247L0002,57000HPA247L0002
19/07/2026 18:51:00,20/07/2026 00:42:00,14.30,1,57000HPA247L0002,57000HPA247L0002
20/07/2026 17:43:00,20/07/2026 20:33:00,4.41,1,57000HPA247L0002,57000HPA247L0002
21/07/2026 19:05:00,21/07/2026 23:16:00,9.06,1,57000HPA247L0002,57000HPA247L0002
23/07/2026 02:06:00,23/07/2026 06:14:00,8.25,1,57000HPA247L0002,57000HPA247L0002
23/07/2026 21:19:00,24/07/2026 00:13:00,4.91,1,57000HPA247L0002,57000HPA247L0002
28/07/2026 17:13:00,28/07/2026 17:13:00,0.00,1,57000HPA247L0002,57000HPA247L0002
28/07/2026 17:14:00,29/07/2026 00:29:00,15.52,1,57000HPA247L0002,57000HPA247L0002
29/07/2026 23:41:00,30/07/2026 03:54:00,9.55,1,57000HPA247L0002,57000HPA247L0002
31/07/2026 21:12:00,01/08/2026 02:29:00,12.60,1,57000HPA247L0002,57000HPA247L0002
02/08/2026 16:34:00,02/08/2026 20:06:00,6.03,1,57000HPA247L0002,57000HPA247L0002
03/08/2026 21:09:00,04/08/2026 00:39:00,7.16,1,57000HPA247L0002,57000HPA247L0002
05/08/2026 21:10:00,06/08/2026 01:55:00,10.41,1,57000HPA247L0002,57000HPA247L0002
07/08/2026 21:34:00,08/08/2026 01:33:00,8.70,1,57000HPA247L0002,57000HPA247L0002
10/08/2026 21:20:00,11/08/2026 01:41:00,9.78,1,57000HPA247L0002,57000HPA247L0002
11/08/2026 21:20:00,12/08/2026 01:21:00,8.71,1,57000HPA247L0002,57000HPA247L0002
13/08/2026 21:13:00,14/08/2026 01:35:00,9.78,1,57000HPA247L0002,57000HPA247L0002
14/08/2026 21:26:00,15/08/2026 00:18:00,4.69,1,57000HPA247L0002,57000HPA247L0002
15/08/2026 13:14:00,15/08/2026 15:02:00,1.67,1,57000HPA247L0002,57000HPA247L0002
17/08/2026 21:17:00,18/08/2026 01:03:00,7.75,1,57000HPA247L0002,57000HPA247L0002
18/08/2026 21:43:00,19/08/2026 01:17:00,5.58,1,57000HPA247L0002,57000HPA247L0002
20/08/2026 21:09:00,21/08/2026 03:28:00,12.77,1,57000HPA247L0002,57000HPA247L0002
22/08/2026 19:47:00,22/08/2026 23:17:00,7.08,1,57000HPA247L0002,57000HPA247L0002
24/08/2026 21:13:00,25/08/2026 02:25:00,12.32,1,57000HPA247L0002,57000HPA247L0002
26/08/2026 20:56:00,27/08/2026 00:59:00,8.80,1,57000HPA247L0002,57000HPA247L0002
30/08/2026 18:14:00,30/08/2026 22:30:00,9.45,1,57000HPA247L0002,57000HPA247L0002
