Period_Type,Period_Value,Energy_Generation_kWh,Grid_Export_Energy_kWh,To_Grid_Revenue,Import_Energy_kWh,Energy_Consumption_kWh
Year,2026,2080.0,1640.0,1640.0,61.81,218.84
Month,08/2026,148.1,61.9,61.9,13.6,57.6
Month,07/2026,145.5,104.0,104.0,8.4,10.2
Month,06/2026,248.2,180.9,180.9,16.1,45.3
Month,05/2026,278.3,198.7,198.7,1.3,37.4
Month,04/2026,309.8,56.2,56.2,21.3,240.9
Month,03/2026,75.3,61.56,61.56,0.46,7.6
Month,02/2026,578.2,780.81,780.81,0.55,5.15
Month,01/2026,303.0,200.5,200.5,0.1,65.3
Week,35/2026,29.6,7.2,7.2,9.7,23.2
Week,34/2026,44.9,24.1,24.1,0.0,10.2
Week,33/2026,26.9,9.2,9.2,0.4,8.3
Week,32/2026,35.1,12.3,12.3,3.0,16.7
Week,31/2026,37.3,27.2,27.2,1.9,2.8
Week,30/2026,29.0,19.7,19.7,2.2,2.7
Week,29/2026,36.2,27.4,27.4,1.7,1.4
Week,28/2026,31.4,23.1,23.1,1.8,1.4
Week,27/2026,32.8,23.0,23.0,1.8,2.5
Week,26/2026,32.8,23.0,23.0,1.8,2.5
Week,25/2026,73.2,57.1,57.1,1.1,7.9
Week,24/2026,57.8,38.2,38.2,2.0,11.7
Week,23/2026,76.2,62.0,62.0,1.1,5.6
Week,22/2026,64.6,46.2,46.2,1.0,9.7
Week,21/2026,32.5,15.3,15.3,0.1,8.0
Week,20/2026,80.2,62.4,62.4,0.0,7.5
Week,19/2026,74.0,53.6,53.6,0.1,11.1
Week,18/2026,68.0,37.5,37.5,0.2,20.5
Week,17/2026,31.6,25.6,25.6,0.0,2.8
Week,16/2026,60.2,37.1,37.1,0.0,16.9
Week,15/2026,105.4,73.8,73.8,0.1,22.3
Day,29/08/2026,4.7,3.3,3.3,0.0,0.1
Day,28/08/2026,6.5,1.4,1.4,0.5,2.1
Day,27/08/2026,6.4,0.0,0.0,0.5,5.0
Day,26/08/2026,4.4,0.0,0.0,2.5,5.8
Day,25/08/2026,1.9,0.0,0.0,4.3,5.5
Day,24/08/2026,1.9,0.0,0.0,1.9,4.8
Day,23/08/2026,6.8,5.3,5.3,0.0,0.2
Day,22/08/2026,6.3,4.7,4.7,0.0,0.3
Day,21/08/2026,5.4,1.6,1.6,0.0,0.4
Day,20/08/2026,6.8,2.8,2.8,0.0,2.5
Day,19/08/2026,6.6,3.0,3.0,1.8,3.1
Day,18/08/2026,6.6,1.9,1.9,0.0,3.1
Day,17/08/2026,6.4,4.8,4.8,0.0,1.8
Day,16/08/2026,6.3,4.8,4.8,0.0,0.2
Day,15/08/2026,3.8,2.7,2.7,0.0,0.1
Day,14/08/2026,3.7,0.2,0.2,0.3,2.1
Day,13/08/2026,3.7,0.2,0.2,0.0,2.0
Day,12/08/2026,5.1,1.4,1.4,0.1,1.8
Day,11/08/2026,5.1,1.4,1.4,0.1,1.8
Day,10/08/2026,5.1,1.4,1.4,0.1,1.8
Day,09/08/2026,4.2,2.9,2.9,0.0,0.1
Day,08/08/2026,5.5,1.5,1.5,0.0,0.2
Day,07/08/2026,3.0,0.0,0.0,0.4,2.7
Day,06/08/2026,12.0,6.9,6.9,0.3,6.0
Day,05/08/2026,5.4,0.8,0.8,0.4,2.7
Day,04/08/2026,3.7,0.0,0.0,0.4,3.2
Day,03/08/2026,1.3,0.2,0.2,1.3,2.9
Day,02/08/2026,5.8,4.5,4.5,0.3,0.2
Day,01/08/2026,5.8,4.6,4.6,0.2,0.1
Day,31/07/2026,5.5,4.2,4.2,0.3,0.3
Day,30/07/2026,4.8,3.0,3.0,0.3,0.7
