date,charged_energy_kwh,iso_week,reading_method
2026-05-11,0.00,20,chart
2026-05-12,8.60,20,chart
2026-05-13,7.50,20,chart
2026-05-14,0.20,20,chart
2026-05-15,0.00,20,chart
2026-05-16,12.90,20,chart
2026-05-17,5.62,20,tooltip
2026-05-18,5.40,21,chart
2026-05-19,0.00,21,chart
2026-05-20,12.40,21,chart
2026-05-21,7.90,21,chart
2026-05-22,5.20,21,chart
2026-05-23,0.00,21,chart
2026-05-24,14.00,21,chart
2026-05-25,5.10,22,chart
2026-05-26,0.00,22,chart
2026-05-27,7.70,22,chart
2026-05-28,0.15,22,chart
2026-05-29,0.00,22,tooltip
2026-05-30,0.00,22,chart
2026-05-31,13.60,22,chart
2026-06-01,5.60,23,chart
2026-06-02,0.40,23,chart
2026-06-03,6.90,23,chart
2026-06-04,0.10,23,chart
2026-06-05,4.50,23,chart
2026-06-06,0.00,23,chart
2026-06-07,9.60,23,chart
2026-06-08,0.00,24,chart
2026-06-09,9.30,24,chart
2026-06-10,0.00,24,chart
2026-06-11,0.10,24,chart
2026-06-12,7.25,24,chart
2026-06-13,5.80,24,chart
2026-06-14,3.29,24,tooltip
2026-06-15,6.10,25,chart
2026-06-16,0.00,25,chart
2026-06-17,8.00,25,chart
2026-06-18,6.50,25,chart
2026-06-19,11.30,25,chart
2026-06-20,0.01,25,tooltip
2026-06-21,6.60,25,chart
2026-06-22,6.40,26,chart
2026-06-23,0.00,26,chart
2026-06-24,10.30,26,chart
2026-06-25,6.20,26,chart
2026-06-26,0.00,26,chart
2026-06-27,0.00,26,chart
2026-06-28,0.00,26,tooltip
2026-06-29,15.20,27,chart
2026-06-30,0.00,27,chart
2026-07-01,0.00,27,chart
2026-07-02,8.60,27,chart
2026-07-03,15.80,27,chart
2026-07-04,0.06,27,tooltip
2026-07-05,10.90,27,chart
2026-07-06,0.00,28,chart
2026-07-07,8.20,28,chart
2026-07-08,5.60,28,chart
2026-07-09,0.50,28,chart
2026-07-10,0.00,28,chart
2026-07-11,0.00,28,chart
2026-07-12,14.73,28,tooltip
2026-07-13,3.40,29,chart
2026-07-14,2.80,29,chart
2026-07-15,9.90,29,chart
2026-07-16,0.00,29,chart
2026-07-17,0.00,29,tooltip
2026-07-18,7.60,29,chart
2026-07-19,13.60,29,chart
2026-07-20,4.70,30,chart
2026-07-21,9.00,30,chart
2026-07-22,0.00,30,chart
2026-07-23,12.90,30,chart
2026-07-24,0.00,30,chart
2026-07-25,0.00,30,tooltip
2026-07-26,0.00,30,chart
2026-07-27,0.00,31,chart
2026-07-28,15.30,31,chart
2026-07-29,0.90,31,chart
2026-07-30,8.56,31,tooltip
2026-07-31,8.40,31,chart
2026-08-01,4.10,31,chart
2026-08-02,6.00,31,chart
2026-08-03,7.00,32,chart
2026-08-04,0.20,32,chart
2026-08-05,8.60,32,chart
2026-08-06,1.80,32,chart
2026-08-07,7.50,32,chart
2026-08-08,1.31,32,tooltip
2026-08-09,0.00,32,chart
2026-08-10,8.00,33,chart
2026-08-11,9.40,33,chart
2026-08-12,1.00,33,chart
2026-08-13,8.30,33,chart
2026-08-14,6.10,33,chart
2026-08-15,1.70,33,chart
2026-08-16,0.00,33,tooltip
2026-08-17,7.10,34,chart
2026-08-18,5.50,34,chart
2026-08-19,0.70,34,chart
2026-08-20,8.50,34,chart
2026-08-21,4.20,34,chart
2026-08-22,7.10,34,chart
2026-08-23,0.00,34,chart
2026-08-24,8.40,35,chart
2026-08-25,3.80,35,chart
2026-08-26,8.25,35,chart
2026-08-27,0.60,35,chart
2026-08-28,0.00,35,chart
2026-08-29,0.00,35,chart
2026-08-30,0.00,35,chart
