time,pv_power_kw,load_power_kw,battery_power_kw,battery_soc_pct,grid_power_kw
00:00,0.00,0.00,0.00,93.00,0.00
00:05,0.00,0.00,0.00,93.00,0.00
00:10,0.00,0.00,0.00,93.00,0.00
00:15,0.00,0.10,0.10,93.00,0.00
00:20,0.00,0.17,0.17,93.00,0.00
00:25,0.00,0.02,0.02,93.00,0.00
00:30,0.00,0.00,-0.01,93.00,0.00
00:35,0.00,0.00,0.00,92.00,0.00
00:40,0.00,0.04,0.04,92.00,0.00
00:45,0.00,0.01,0.01,92.00,0.00
00:50,0.00,0.00,-0.01,92.00,0.00
00:55,0.00,0.00,0.00,92.00,0.00
01:00,0.00,0.02,0.02,92.00,0.00
01:05,0.00,0.00,-0.01,92.00,0.00
01:10,0.00,0.00,0.00,92.00,0.00
01:15,0.00,0.00,-0.01,92.00,0.00
01:20,0.00,0.00,-0.01,92.00,0.00
01:25,0.00,0.00,0.00,92.00,0.00
01:30,0.00,0.00,-0.01,91.00,0.00
01:35,0.00,0.00,-0.02,91.00,0.00
01:40,0.00,0.00,-0.01,91.00,0.00
01:45,0.00,0.00,0.00,91.00,0.00
01:50,0.00,0.05,0.05,91.00,0.00
01:55,0.00,0.00,-0.02,91.00,0.00
02:00,0.00,0.00,0.00,91.00,0.00
02:05,0.00,0.00,-0.01,91.00,0.00
02:10,0.00,0.10,0.10,91.00,0.00
02:15,0.00,0.00,0.00,91.00,0.00
02:20,0.00,0.00,0.00,91.00,0.00
02:25,0.00,0.02,0.02,90.00,0.00
02:30,0.00,0.11,0.11,90.00,0.00
02:35,0.00,0.00,-0.02,90.00,0.00
02:40,0.00,0.00,-0.02,90.00,0.00
02:45,0.00,0.00,-0.02,90.00,0.00
02:50,0.00,0.00,-0.02,90.00,0.00
02:55,0.00,0.00,-0.02,90.00,0.00
03:00,0.00,0.00,-0.02,90.00,0.00
03:05,0.00,0.00,-0.03,90.00,0.00
03:10,0.00,0.00,-0.01,90.00,0.00
03:15,0.00,0.00,-0.02,90.00,0.00
03:20,0.00,0.00,-0.02,90.00,0.00
03:25,0.00,0.00,-0.02,90.00,0.00
03:30,0.00,0.00,-0.02,90.00,0.00
03:35,0.00,0.10,0.10,90.00,0.00
03:40,0.00,0.10,0.10,90.00,0.00
03:45,0.00,0.00,-0.02,90.00,0.00
03:50,0.00,0.09,0.09,90.00,0.00
03:55,0.00,0.05,0.05,90.00,0.00
04:00,0.00,0.00,-0.02,90.00,0.00
04:05,0.00,0.00,0.00,90.00,0.00
04:10,0.00,0.04,0.04,90.00,0.00
04:15,0.00,0.00,-0.02,90.00,0.00
04:20,0.00,0.00,-0.02,90.00,0.00
04:25,0.00,0.00,0.00,90.00,0.00
04:30,0.00,0.06,0.06,90.00,0.00
04:35,0.00,0.00,-0.02,90.00,0.00
04:40,0.00,0.10,0.10,90.00,0.00
04:45,0.00,0.00,0.00,90.00,0.00
04:50,0.00,0.06,0.06,90.00,0.00
04:55,0.00,0.00,-0.02,90.00,0.00
05:00,0.00,0.05,0.05,90.00,0.00
05:05,0.00,0.00,-0.01,90.00,0.00
05:10,0.00,0.00,-0.02,90.00,0.00
05:15,0.00,0.00,-0.03,90.00,0.00
05:20,0.00,0.00,-0.02,89.00,0.00
05:25,0.00,0.00,-0.02,89.00,0.00
05:30,0.00,0.01,0.01,89.00,0.00
05:35,0.00,0.00,-0.03,89.00,0.00
05:40,0.00,0.13,0.13,89.00,0.00
05:45,0.00,0.00,-0.02,89.00,0.00
05:50,0.00,0.06,0.06,89.00,0.00
05:55,0.00,0.00,0.00,89.00,0.00
06:00,0.00,0.00,-0.02,89.00,0.00
06:05,0.00,0.21,0.21,89.00,0.00
06:10,0.00,0.00,-0.02,89.00,0.00
06:15,0.00,0.10,0.10,89.00,0.00
06:20,0.00,0.00,-0.02,89.00,0.00
06:25,0.00,0.00,-0.02,89.00,0.00
06:30,0.00,0.06,0.05,89.00,0.00
06:35,0.00,0.00,0.00,89.00,0.00
06:40,0.00,0.00,-0.02,89.00,0.00
06:45,0.00,0.00,-0.01,89.00,0.00
06:50,0.00,0.09,0.09,89.00,0.00
06:55,0.00,0.00,0.00,89.00,0.00
07:00,0.00,0.00,-0.01,89.00,0.00
07:05,0.02,0.00,-0.02,89.00,0.00
07:10,0.06,0.17,0.10,89.00,0.00
07:15,0.08,0.14,0.06,89.00,0.00
07:20,0.12,0.16,0.04,89.00,0.00
07:25,0.13,0.00,-0.15,89.00,0.00
07:30,0.24,0.25,0.00,90.00,0.00
07:35,0.28,0.04,-0.24,90.00,0.00
07:40,0.29,0.00,-0.29,90.00,0.00
07:45,0.18,0.06,-0.11,91.00,0.00
07:50,0.18,0.21,0.03,91.00,0.00
07:55,0.37,0.07,-0.29,91.00,0.00
08:00,0.37,0.07,-0.30,91.00,0.00
08:05,0.44,0.07,-0.37,92.00,0.00
08:10,0.35,0.07,-0.28,92.00,0.00
08:15,0.30,0.03,-0.26,93.00,0.00
08:20,0.39,0.05,-0.34,93.00,0.00
08:25,0.39,0.04,-0.34,94.00,0.00
08:30,0.52,0.06,-0.45,94.00,0.00
08:35,0.51,0.07,-0.43,95.00,0.00
08:40,0.36,0.06,-0.30,95.00,0.00
08:45,0.57,0.03,-0.54,96.00,0.00
08:50,0.48,0.06,-0.41,97.00,0.00
08:55,0.41,0.03,-0.37,97.00,0.00
09:00,0.49,0.05,-0.43,98.00,0.00
09:05,0.36,0.01,-0.34,98.00,0.00
09:10,0.53,0.02,-0.51,99.00,0.00
09:15,0.72,0.06,-0.65,99.00,0.00
09:20,0.57,0.05,-0.51,99.00,0.00
09:25,0.65,0.00,-0.28,99.00,0.36
09:30,0.38,0.00,-0.28,99.00,0.10
09:35,0.38,0.00,-0.06,100.00,0.32
09:40,1.01,0.01,-0.07,100.00,0.93
09:45,0.36,0.00,-0.08,100.00,0.30
09:50,0.25,0.00,-0.09,100.00,0.20
09:55,0.16,0.00,-0.06,100.00,0.12
10:00,0.16,0.00,-0.06,100.00,0.11
10:05,0.16,0.00,-0.05,100.00,0.11
10:10,0.13,0.00,-0.05,100.00,0.09
10:15,0.15,0.00,-0.05,100.00,0.11
10:20,0.24,0.00,-0.05,100.00,0.19
10:25,0.38,0.01,-0.04,100.00,0.32
10:30,0.44,0.03,-0.02,100.00,0.38
10:35,0.53,0.02,-0.04,100.00,0.47
10:40,0.32,0.00,-0.04,100.00,0.27
10:45,0.15,0.01,-0.02,100.00,0.11
10:50,0.10,0.01,-0.02,100.00,0.06
10:55,0.10,0.01,-0.02,100.00,0.05
11:00,0.14,0.01,-0.02,100.00,0.09
11:05,0.15,0.01,-0.02,100.00,0.11
11:10,0.19,0.03,-0.01,100.00,0.14
11:15,0.38,0.04,-0.01,100.00,0.33
11:20,0.96,0.07,-0.01,100.00,0.87
11:25,0.58,0.06,0.00,100.00,0.51
11:30,0.63,0.07,0.00,100.00,0.56
11:35,0.32,0.05,0.00,100.00,0.27
11:40,0.24,0.04,0.00,100.00,0.19
11:45,0.44,0.05,0.00,100.00,0.39
11:50,0.55,0.06,0.00,100.00,0.48
11:55,0.70,0.06,0.00,100.00,0.63
12:00,0.44,0.06,0.00,100.00,0.38
12:05,0.38,0.05,0.00,100.00,0.33
12:10,0.43,0.05,0.00,100.00,0.37
12:15,0.47,0.05,0.00,100.00,0.41
12:20,0.48,0.06,0.00,100.00,0.42
12:25,0.50,0.06,0.00,100.00,0.44
12:30,0.47,0.04,-0.01,100.00,0.41
12:35,0.36,0.04,-0.01,100.00,0.31
12:40,0.33,0.18,-0.02,100.00,0.12
12:45,0.35,0.19,-0.01,100.00,0.14
