date,energy_generation_kwh,battery_charged_kwh,battery_discharge_kwh,grid_export_kwh,import_energy_kwh
2026-08-01,5.80,0.90,0.30,4.60,0.20
2026-08-02,5.80,0.90,0.30,4.50,0.30
2026-08-03,1.30,1.60,3.20,0.20,1.30
2026-08-04,3.70,1.90,2.00,0.00,0.40
2026-08-05,5.40,3.00,2.10,0.80,0.40
2026-08-06,12.00,2.80,2.30,6.90,0.30
2026-08-07,3.00,1.30,1.70,0.00,0.40
2026-08-08,5.50,3.00,0.00,1.50,0.20
2026-08-09,4.20,0.60,0.00,2.90,0.00
2026-08-10,1.60,0.40,2.50,0.10,0.10
2026-08-11,2.30,1.40,1.10,0.00,0.20
2026-08-12,4.00,2.90,2.30,0.00,0.00
2026-08-13,5.10,2.70,2.00,1.40,0.10
2026-08-14,3.70,2.50,0.00,0.20,0.00
2026-08-15,3.90,0.70,0.00,2.70,0.00
2026-08-16,6.30,0.60,0.00,4.80,0.00
2026-08-17,6.40,0.60,2.00,4.80,0.00
2026-08-18,6.60,2.50,2.10,1.90,0.00
2026-08-19,6.60,2.60,2.00,3.00,0.00
2026-08-20,6.80,2.40,2.20,2.80,0.00
2026-08-21,5.40,2.90,0.30,1.60,0.00
2026-08-22,6.30,0.60,0.10,4.70,0.00
2026-08-23,6.80,0.70,0.00,5.30,0.00
2026-08-24,1.90,0.10,2.00,0.00,1.90
2026-08-25,1.90,0.00,0.00,0.00,4.30
2026-08-26,4.40,0.80,0.80,0.00,2.50
2026-08-27,6.40,2.80,2.50,0.00,0.50
2026-08-28,6.50,2.50,0.00,1.40,0.50
2026-08-29,4.70,0.60,0.00,3.30,0.00
2026-08-30,3.80,0.60,0.00,2.50,0.10
2026-08-31,2.10,0.60,0.00,1.00,0.00
